csaf_files/IT/white/2025/va-25-174-01.json,2025-08-07T18:50:18Z
csaf_files/IT/white/2025/va-25-219-01.json,2025-08-07T00:00:00Z
csaf_files/IT/white/2025/va-25-169-01.json,2025-07-02T20:57:00Z
csaf_files/IT/white/2025/va-25-171-01.json,2025-06-20T00:00:00Z
csaf_files/IT/white/2025/va-25-136-01.json,2025-06-16T00:00:00Z
csaf_files/IT/white/2025/va-25-147-01.json,2025-05-28T20:57:43Z
csaf_files/IT/white/2025/va-25-148-01.json,2025-05-28T15:28:55Z
csaf_files/IT/white/2025/va-25-119-01.json,2025-05-19T00:00:00Z
csaf_files/IT/white/2025/va-25-079-01.json,2025-05-02T01:11:43Z
csaf_files/IT/white/2025/va-25-120-01.json,2025-04-30T00:00:00Z
csaf_files/IT/white/2025/va-25-104-01.json,2025-04-23T00:00:00Z
csaf_files/IT/white/2024/va-24-262-01.json,2025-02-28T00:00:00Z
csaf_files/IT/white/2025/va-25-043-01.json,2025-02-20T00:00:00Z
csaf_files/IT/white/2025/va-25-017-01.json,2025-02-20T00:00:00Z
csaf_files/IT/white/2024/va-24-254-02.json,2025-02-13T20:00:00Z
csaf_files/IT/white/2025/va-25-022-01.json,2025-01-23T00:53:24Z
csaf_files/IT/white/2025/va-25-021-01.json,2025-01-23T00:00:00Z
csaf_files/IT/white/2024/va-24-331-01.json,2024-11-26T18:15:49Z
csaf_files/IT/white/2024/va-24-325-01.json,2024-11-20T18:33:57Z
csaf_files/IT/white/2024/va-24-201-01.json,2024-11-14T17:00:00Z
csaf_files/IT/white/2024/va-24-317-01.json,2024-11-13T20:32:00Z
csaf_files/IT/white/2024/va-24-254-01.json,2024-09-10T20:08:00Z
